-- phpMyAdmin SQL Dump
-- version 5.2.1
-- https://www.phpmyadmin.net/
--
-- Anamakine: 127.0.0.1
-- Üretim Zamanı: 28 Oca 2025, 07:38:05
-- Sunucu sürümü: 10.4.32-MariaDB
-- PHP Sürümü: 8.2.12

SET SQL_MODE = "NO_AUTO_VALUE_ON_ZERO";
START TRANSACTION;
SET time_zone = "+00:00";


/*!40101 SET @OLD_CHARACTER_SET_CLIENT=@@CHARACTER_SET_CLIENT */;
/*!40101 SET @OLD_CHARACTER_SET_RESULTS=@@CHARACTER_SET_RESULTS */;
/*!40101 SET @OLD_COLLATION_CONNECTION=@@COLLATION_CONNECTION */;
/*!40101 SET NAMES utf8mb4 */;

--
-- Veritabanı: `deppo_db`
--

-- --------------------------------------------------------

--
-- Tablo için tablo yapısı `deppo_logs`
--

CREATE TABLE `deppo_logs` (
  `id` int(11) NOT NULL,
  `user_id` int(11) NOT NULL,
  `created_at` datetime NOT NULL DEFAULT current_timestamp(),
  `operation` varchar(50) NOT NULL,
  `operation_detail` varchar(100) NOT NULL
) ENGINE=InnoDB DEFAULT CHARSET=utf8 COLLATE=utf8_turkish_ci;

--
-- Tablo döküm verisi `deppo_logs`
--

INSERT INTO `deppo_logs` (`id`, `user_id`, `created_at`, `operation`, `operation_detail`) VALUES
(1, 1, '2025-01-20 09:26:24', 'login', 'Kullanıcı girişi yapıldı'),
(2, 1, '2025-01-21 12:01:07', 'login', 'Kullanıcı girişi yapıldı'),
(3, 1, '2025-01-22 08:40:04', 'login', 'Kullanıcı girişi yapıldı'),
(4, 1, '2025-01-24 09:16:18', 'login', 'Kullanıcı girişi yapıldı'),
(5, 1, '2025-01-25 09:52:16', 'login', 'Kullanıcı girişi yapıldı'),
(6, 1, '2025-01-26 13:07:28', 'login', 'Kullanıcı girişi yapıldı'),
(7, 1, '2025-01-27 10:17:12', 'login', 'Kullanıcı girişi yapıldı');

-- --------------------------------------------------------

--
-- Tablo için tablo yapısı `deppo_order`
--

CREATE TABLE `deppo_order` (
  `id` int(11) NOT NULL,
  `status_id` int(11) NOT NULL,
  `supplier_id` int(11) NOT NULL,
  `number` varchar(20) NOT NULL,
  `date` datetime NOT NULL,
  `description` text NOT NULL
) ENGINE=InnoDB DEFAULT CHARSET=utf8 COLLATE=utf8_turkish_ci;

--
-- Tablo döküm verisi `deppo_order`
--

INSERT INTO `deppo_order` (`id`, `status_id`, `supplier_id`, `number`, `date`, `description`) VALUES
(1, 3, 1, 'SIP-2025-000001', '2025-01-03 00:00:00', 'SPREY BOYA-1003 (3 ADET GELDİ) - STOK KARTI YOK'),
(2, 4, 1, 'SIP-2025-000002', '2025-01-07 00:00:00', ''),
(3, 4, 6, 'SIP-2025-000003', '2025-01-07 00:00:00', ''),
(4, 3, 1, 'SIP-2025-000004', '2025-01-13 00:00:00', ''),
(5, 4, 1, 'SIP-2025-000005', '2025-01-16 00:00:00', 'EKSİK GELEN KADAR SİPARİŞ EDİLECEK\r\n\r\n4CMX4CM MENTEŞE\r\nM5X12 HAVŞA BASLI CIVATA (600)+\r\nM5 FİBERLİ SOMUN (600)+\r\n3,5X13 SUNTA VİDASI (6000)+\r\n6X15 BOMBEBAŞ CİVATA (200)\r\n8X80 TRİFON CİVATA  (203)+'),
(6, 4, 1, 'SIP-2025-000006', '2025-01-20 00:00:00', ''),
(7, 4, 1, 'SIP-2025-000007', '2025-01-21 00:00:00', '4X10 STANDART PERÇİN (1000 ADET)+'),
(8, 3, 6, 'SIP-2025-000008', '2025-01-23 00:00:00', ''),
(9, 3, 1, 'SIP-2025-000009', '2025-01-25 00:00:00', '8X80 TRİFON VİDA (1400)'),
(10, 3, 1, 'SIP-2025-000010', '2025-01-27 00:00:00', '8X80 TRİFON VİDA (250)\r\n4X10 POPUP PERÇİN (1000)');

-- --------------------------------------------------------

--
-- Tablo için tablo yapısı `deppo_order_detail`
--

CREATE TABLE `deppo_order_detail` (
  `id` int(11) NOT NULL,
  `order_id` int(11) NOT NULL,
  `stock_id` int(11) NOT NULL,
  `ordered_quantity` smallint(5) UNSIGNED NOT NULL,
  `received_quantity` smallint(5) NOT NULL DEFAULT 0,
  `description` varchar(255) DEFAULT NULL
) ENGINE=InnoDB DEFAULT CHARSET=utf8 COLLATE=utf8_turkish_ci;

--
-- Tablo döküm verisi `deppo_order_detail`
--

INSERT INTO `deppo_order_detail` (`id`, `order_id`, `stock_id`, `ordered_quantity`, `received_quantity`, `description`) VALUES
(1, 1, 441, 240, 240, ''),
(2, 1, 383, 4000, 4000, ''),
(3, 1, 440, 10, 10, ''),
(4, 1, 401, 1000, 400, 'Faturada 815 olarak gözükmesine rağmen 400 adet gelmiş. Eksik gönderilmiş.'),
(5, 1, 400, 5000, 5000, ''),
(6, 1, 429, 20, 20, ''),
(7, 1, 430, 20, 20, ''),
(8, 1, 243, 2000, 2000, ''),
(9, 1, 435, 24, 24, ''),
(10, 2, 384, 2000, 2000, ''),
(11, 1, 445, 1600, 1600, ''),
(12, 1, 446, 1600, 1600, ''),
(13, 1, 447, 20, 3, ''),
(14, 3, 454, 300, 300, ''),
(15, 4, 435, 48, 48, ''),
(16, 4, 429, 20, 20, ''),
(17, 4, 340, 600, 600, ''),
(18, 4, 493, 100, 100, ''),
(19, 4, 497, 4, 4, ''),
(20, 4, 502, 600, 600, ''),
(21, 4, 513, 18, 18, ''),
(22, 4, 511, 10, 10, ''),
(23, 4, 512, 10, 10, ''),
(25, 4, 509, 20, 0, ''),
(26, 4, 515, 100, 100, ''),
(27, 4, 401, 1000, 849, ''),
(28, 4, 496, 1, 1, '27*0,9-5/7 Gelmiş ama stok kodu yok'),
(29, 5, 429, 20, 20, ''),
(30, 5, 430, 20, 20, ''),
(31, 5, 441, 240, 240, ''),
(32, 5, 517, 300, 300, 'KARBOSAN 115X1,0X22,23 KESİCİ TAŞ'),
(33, 5, 518, 3, 3, ''),
(34, 5, 520, 200, 200, ''),
(35, 5, 243, 1500, 1500, ''),
(36, 6, 348, 140, 140, ''),
(37, 6, 349, 108, 108, ''),
(38, 6, 350, 128, 128, ''),
(39, 6, 352, 100, 100, ''),
(40, 6, 328, 200, 200, ''),
(41, 6, 329, 257, 257, ''),
(42, 7, 435, 48, 48, ''),
(43, 7, 536, 75, 75, ''),
(44, 7, 518, 3, 3, ''),
(45, 7, 434, 24, 24, ''),
(46, 7, 537, 10, 10, ''),
(47, 7, 538, 20, 20, ''),
(48, 7, 539, 20, 20, ''),
(49, 7, 540, 20, 20, ''),
(50, 7, 542, 20, 20, ''),
(51, 7, 543, 20, 20, ''),
(52, 7, 544, 10, 20, ''),
(53, 7, 545, 10, 20, ''),
(54, 7, 513, 18, 18, ''),
(55, 7, 438, 72, 72, ''),
(56, 5, 519, 258, 258, ''),
(57, 7, 502, 600, 600, ''),
(58, 7, 508, 300, 300, ''),
(59, 7, 507, 400, 400, ''),
(60, 7, 383, 4000, 4000, ''),
(61, 7, 384, 4000, 4000, ''),
(62, 7, 400, 5000, 5000, ''),
(63, 7, 252, 600, 600, ''),
(64, 8, 450, 1, 0, 'KOLİ'),
(65, 8, 466, 1, 0, 'KOLİ'),
(66, 8, 479, 100, 0, ''),
(67, 7, 548, 3000, 3000, ''),
(68, 9, 354, 600, 0, ''),
(69, 9, 349, 570, 0, ''),
(70, 9, 396, 2310, 0, ''),
(71, 9, 401, 1200, 0, ''),
(72, 9, 525, 1200, 0, ''),
(73, 9, 507, 500, 0, ''),
(74, 9, 430, 75, 0, ''),
(76, 9, 551, 80, 0, ''),
(77, 10, 429, 50, 0, ''),
(78, 10, 430, 50, 0, ''),
(79, 10, 401, 1000, 0, ''),
(80, 10, 227, 4, 0, 'KUTU'),
(81, 10, 231, 2, 0, 'KUTU'),
(82, 10, 441, 360, 0, ''),
(83, 10, 438, 72, 0, ''),
(84, 10, 513, 12, 0, '');

-- --------------------------------------------------------

--
-- Görünüm yapısı durumu `deppo_order_detail_list_view`
-- (Asıl görünüm için aşağıya bakın)
--
CREATE TABLE `deppo_order_detail_list_view` (
`id` int(11)
,`order_id` int(11)
,`stock_id` int(11)
,`ordered_quantity` smallint(5) unsigned
,`received_quantity` smallint(5)
,`description` varchar(255)
,`code` varchar(50)
,`name` varchar(100)
);

-- --------------------------------------------------------

--
-- Görünüm yapısı durumu `deppo_order_list_view`
-- (Asıl görünüm için aşağıya bakın)
--
CREATE TABLE `deppo_order_list_view` (
`id` int(11)
,`status_id` int(11)
,`supplier_id` int(11)
,`number` varchar(20)
,`date` datetime
,`description` text
,`supplier_name` varchar(100)
,`status` varchar(50)
);

-- --------------------------------------------------------

--
-- Tablo için tablo yapısı `deppo_order_status`
--

CREATE TABLE `deppo_order_status` (
  `id` int(11) NOT NULL,
  `name` varchar(50) NOT NULL
) ENGINE=InnoDB DEFAULT CHARSET=utf8 COLLATE=utf8_turkish_ci;

--
-- Tablo döküm verisi `deppo_order_status`
--

INSERT INTO `deppo_order_status` (`id`, `name`) VALUES
(1, 'Tüm Siparişler'),
(2, 'Taslak Sipariş'),
(3, 'Açık Sipariş'),
(4, 'Tamamlanmış Sipariş');

-- --------------------------------------------------------

--
-- Tablo için tablo yapısı `deppo_personel_list`
--

CREATE TABLE `deppo_personel_list` (
  `id` int(11) NOT NULL,
  `name` varchar(100) NOT NULL,
  `image_url` varchar(100) NOT NULL,
  `active` varchar(1) NOT NULL
) ENGINE=InnoDB DEFAULT CHARSET=utf8 COLLATE=utf8_turkish_ci;

--
-- Tablo döküm verisi `deppo_personel_list`
--

INSERT INTO `deppo_personel_list` (`id`, `name`, `image_url`, `active`) VALUES
(1, 'Fatih KÜÇÜK', 'FATIH-KUCUK.jpg', 'ü'),
(2, 'Seren AYDOĞDU', 'SEREN-AYDOGDU.jpg', 'ü'),
(3, 'Ercan BOYRAZ', '', 'ü');

-- --------------------------------------------------------

--
-- Tablo için tablo yapısı `deppo_receipt_types`
--

CREATE TABLE `deppo_receipt_types` (
  `id` int(11) NOT NULL,
  `name` varchar(100) NOT NULL
) ENGINE=InnoDB DEFAULT CHARSET=utf8 COLLATE=utf8_turkish_ci;

--
-- Tablo döküm verisi `deppo_receipt_types`
--

INSERT INTO `deppo_receipt_types` (`id`, `name`) VALUES
(1, 'Alım Fişi'),
(2, 'Sarf Fişi');

-- --------------------------------------------------------

--
-- Tablo için tablo yapısı `deppo_stock_card_list`
--

CREATE TABLE `deppo_stock_card_list` (
  `id` int(11) NOT NULL,
  `code` varchar(50) NOT NULL,
  `name` varchar(100) NOT NULL,
  `quantity` smallint(6) NOT NULL,
  `image_url` varchar(100) NOT NULL,
  `active` varchar(1) NOT NULL
) ENGINE=InnoDB DEFAULT CHARSET=utf8 COLLATE=utf8_turkish_ci;

--
-- Tablo döküm verisi `deppo_stock_card_list`
--

INSERT INTO `deppo_stock_card_list` (`id`, `code`, `name`, `quantity`, `image_url`, `active`) VALUES
(1, '150.01.0116.00292', '1150x1150 KARE PLATFORM PVC', 0, '', 'ü'),
(2, '150.01.0124.00001', '4 BASAMAKLI H:50CM PVC KAPLI MERDIVEN(MERIDA)', 0, '', 'ü'),
(3, '150.01.0124.00002', '5 BASAMAKLI H:100CM PVC KAPLI MERDIVEN (MERIDA)', 0, '', 'ü'),
(4, '150.01.0124.00003', '7 BASAMAKLI H:150CM PVC KAPLI MERDIVEN (MERIDA)', 0, '', 'ü'),
(5, '150.01.0124.00006', '60X70CM PVC KAPLI PLATFORM (MERIDA)', 0, '', 'ü'),
(6, '150.01.0124.00007', '60X90CM PVC KAPLI PLATFORM (MERIDA)', 0, '', 'ü'),
(7, '150.01.0124.00008', '60X100CM PVC KAPLI PLATFORM (MERIDA)', 0, '', 'ü'),
(8, '150.01.0124.00009', 'UCGEN PLATFORM PVC KAPLI (MERIDA)', 0, '', 'ü'),
(9, '150.01.0124.00010', '116X116CM PVC KAPLI KARE PLATFORM(MERIDA)', 0, '', 'ü'),
(10, '150.01.0124.00011', 'RAMPA PLATFORM PVC KAPLI(100X240CM)(MERIDA)', 0, '', 'ü'),
(11, '150.01.0124.00012', 'PLATFORM KÖPRÜ 2M PVC KAPLI', 0, '', 'ü'),
(12, '150.03.0301.00044', 'SARI SUMO SALINCAK SEPETI', 0, '', 'ü'),
(13, '150.03.0302.00001', 'H:150CM IKILI EGIMLI KAYDIRAK (SOLA) CEMER MODEL', 0, '', 'ü'),
(14, '150.03.0302.00002', 'H:100CM EGIMLI IKILI KAYDIRAK (SAGA)', 0, '', 'ü'),
(15, '150.03.0302.00003', 'H:100CM DALGALI KAYDIRAK ASILSAN', 0, '', 'ü'),
(16, '150.03.0302.00005', 'H:100CM IKILI DUZ KAYDIRAK (KOCAKPARK)', 0, '', 'ü'),
(17, '150.03.0302.00007', 'H:100CM DALGALI KAYDIRAK KAHVERENGI ASILSAN', 0, '', 'ü'),
(18, '150.03.0302.00009', 'H:150CM EGIMLI KAYDIRAK SARI (ISKONPARK)', 0, '', 'ü'),
(19, '150.03.0302.00010', 'H:150CM DALGALI KAYDIRAK (KOCAKPARK)', 0, '', 'ü'),
(20, '150.03.0302.00012', 'H:100CM IKILI DALGALI KAYDIRAK FIRMA?', 0, '', 'ü'),
(21, '150.03.0302.00015', 'SPIRAL KAYDIRAK GIRISI CEMER MODEL', 0, '', 'ü'),
(22, '150.03.0302.00016', 'MAYMUN TEKLI KAYDIRAK GIRISI', 0, '', 'ü'),
(23, '150.03.0302.00018', 'IKILI KAYDIRAK GIRISI YAPISAN MODEL', 0, '', 'ü'),
(24, '150.03.0302.00021', 'KIRPI TIRMANMA H:100CM CEMER MODELI', 0, '', 'ü'),
(25, '150.03.0302.00022', 'SPIRAL KAYDIRAK GIRISI KOCAK MODEL', 0, '', 'ü'),
(26, '150.03.0302.00033', 'ROBOT BACAK GIYDIRME', 0, '', 'ü'),
(27, '150.03.0302.00036', 'TOMRUK CATI', 0, '', 'ü'),
(28, '150.03.0302.00037', 'H:100CM PE TIRMANMA (ROTAMEGA)', 0, '', 'ü'),
(29, '150.03.0302.00045', 'KULAHLI CATI KOCAKPARK', 0, '', 'ü'),
(30, '150.03.0302.00046', 'TREN CATI YEKPARE', 0, '', 'ü'),
(31, '150.03.0302.00047', 'TREN CATI PARCALI', 0, '', 'ü'),
(32, '150.03.0302.00048', 'TREN CATI KEMERI', 0, '', 'ü'),
(33, '150.03.0302.00056', 'KOCAK KALE FIGURLU TEKLI KAYDIRAK GIRISI', 0, '', 'ü'),
(34, '150.03.0302.00059', 'YUNUS FIGURLU TEKLI KAYDIRAK GIRISI KOCAK', 0, '', 'ü'),
(35, '150.03.0302.00060', 'YUNUS FIGURLU PARCALI KAYDIRAK GIRISI KOCAK', 0, '', 'ü'),
(36, '150.03.0302.00061', 'CIT PANO ISKONPARK', 0, '', 'ü'),
(37, '150.03.0302.00064', 'ROBOT PANO SARI (KOCAK)', 0, '', 'ü'),
(38, '150.03.0302.00065', 'EBEVEYN-BEBEK SALINCAK SEPETI ROTAMEGA', 0, '', 'ü'),
(39, '150.03.0302.00067', 'AYI FIGURLU PANO KOCAK', 0, '', 'ü'),
(40, '150.03.0302.00068', 'KELEBEK FIGURLU PANO KOCAK', 0, '', 'ü'),
(41, '150.03.0302.00069', 'SINCAP FIGURLU PANO KOCAK', 0, '', 'ü'),
(42, '150.03.0302.00072', 'MANTAR BORU FIGURU KOCAK', 0, '', 'ü'),
(43, '150.03.0302.00073', 'FUZE BORU FIGURU (KOCAK)', 0, '', 'ü'),
(44, '150.03.0302.00085', 'ORMAN CATI MERIDA', 0, '', 'ü'),
(45, '150.03.0302.00104', 'TAHTEREVALLI OTURAGI FLANSLI (KOCAK)', 0, '', 'ü'),
(46, '150.03.0302.00106', 'SALINCAK SEPETI (KOCAK)', 0, '', 'ü'),
(47, '150.03.0302.00109', 'C. MODELI SALINCAK SEPETI', 0, '', 'ü'),
(48, '150.03.0302.00111', 'SALINCAK SEPETI - TAMPONSUZ (OZTEPE)', 0, '', 'ü'),
(49, '150.03.0302.00113', 'YETISKIN SALINCAK SEPETI', 0, '', 'ü'),
(50, '150.03.0302.00120', 'H:150CM SPIRAL KAYDIRAK (ROTAMEGA /45KG)', 0, '', 'ü'),
(51, '150.03.0302.00122', 'ORMAN CATI(KOCAKPARK)', 0, '', 'ü'),
(52, '150.03.0302.00129', 'H:150CM IKILI DUZ KAYDIRAK YESIL (KOCAK)', 0, '', 'ü'),
(53, '150.03.0302.00133', 'H:100CM PARCALI DUZ KAYDIRAK (SET)', 0, '', 'ü'),
(54, '150.03.0302.00136', 'EV PANO', 0, '', 'ü'),
(55, '150.03.0302.00137', 'TUP KAYDIRAK GIRIS PANOSU', 0, '', 'ü'),
(56, '150.03.0302.00138', 'TIK TAK PANO(ROTAMEGA)', 0, '', 'ü'),
(57, '150.03.0302.00139', 'BORU FIGURU - PALMIYE (ROTOMEGA)', 0, '', 'ü'),
(58, '150.03.0302.00140', 'H:150CM SPIRAL KAYDIRAK MERIDA 35KG', 0, '', 'ü'),
(59, '150.03.0302.00144', 'H:150CM DUZ KAYDIRAK (MERIDA-35KG)', 0, '', 'ü'),
(60, '150.03.0302.00149', 'KORKULUK - TIKTAK PANO UCLU (KOCAK)', 0, '', 'ü'),
(61, '150.03.0302.00151', 'PALMIYE FIGUR (KOCAK)', 0, '', 'ü'),
(62, '150.03.0302.00156', 'IKIZ BEBEK SALINCAK SEPETI', 0, '', 'ü'),
(63, '150.03.0302.00157', 'H:100CM DUZ KAYDIRAK YESIL (KYP-77)', 0, '', 'ü'),
(64, '150.03.0302.00160', 'H:100CM PE MERDIVEN KORKULUGU', 0, '', 'ü'),
(65, '150.03.0302.00165', 'BORU FIGURU-ROBOT KANAT (KOCAK)', 0, '', 'ü'),
(66, '150.03.0302.00172', 'CATI-ROBOT (KOCAK)', 0, '', 'ü'),
(67, '150.03.0302.00179', 'PANO-TREN KUCUK PANO (KOCAK)', 0, '', 'ü'),
(68, '150.03.0302.00180', 'PANO-KALE FIGURLU BUYUK (KOCAK)', 0, '', 'ü'),
(69, '150.03.0302.00181', 'PANO-KALE FIGURLU KUCUK (KOCAK)', 0, '', 'ü'),
(70, '150.03.0302.00183', 'PANO-SUR KALE (KOCAK)', 0, '', 'ü'),
(71, '150.03.0302.00184', 'PANO-SUR UZAY (ROTOMEGA)', 0, '', 'ü'),
(72, '150.03.0302.00186', 'PANO-TREN BÜYÜK PANO (KOCAK)', 0, '', 'ü'),
(73, '150.03.0302.00187', 'PANO-TUP KAYDIRAK GIRIS PANOSU YAPRAK FIGURLU SARI (KOCAK)', 0, '', 'ü'),
(74, '150.03.0302.00190', 'SALINCAK SEPETI-PE KULUCKA (ISKON)', 0, '', 'ü'),
(75, '150.03.0302.00197', 'BORU FIGURU-GULEN GUNES', 0, '', 'ü'),
(76, '150.03.0302.00199', 'SALINCAK SEPETI - ENGELSIZ (TAMPONSUZ) MOR', 0, '', 'ü'),
(77, '150.03.0302.00208', 'ISILTI ENGELSIZ SALINCAK SEPETI', 0, '', 'ü'),
(78, '150.03.0302.00209', '35 LIK TUP TURKUAZ (ROTAMEGA)', 0, '', 'ü'),
(79, '150.03.0302.00210', '35 LIK TUP KAHVERENGI (ROTAMEGA)', 0, '', 'ü'),
(80, '150.03.0302.00211', '35 LIK TUP GRI (ROTAMEGA)', 0, '', 'ü'),
(81, '150.03.0302.00212', '90 LIK TUP DIRSEK SARI (ROTOMEGA)', 0, '', 'ü'),
(82, '150.03.0302.00213', '90 LIK TUP DIRSEK KAHVERENGI (ROTOMEGA)', 0, '', 'ü'),
(83, '150.03.0302.00214', '80 LIK TUP TURKUAZ (ROTAMEGA)', 0, '', 'ü'),
(84, '150.03.0302.00215', '80 LIK TUP GRI (ROTAMEGA)', 0, '', 'ü'),
(85, '150.03.0302.00216', 'TUP CIKIS GRI (ROTAMEGA)', 0, '', 'ü'),
(86, '150.03.0302.00217', 'TUP CIKIS TURKUAZ (ROTAMEGA)', 0, '', 'ü'),
(87, '150.03.0302.00218', 'TUP CIKIS KAHVERENGI (ROTAMEGA)', 0, '', 'ü'),
(88, '150.03.0302.00219', '110 LUK TUP SARI (ROTAMEGA)', 0, '', 'ü'),
(89, '150.03.0302.00220', '110 LUK TUP TURUNCU (ROTAMEGA)', 0, '', 'ü'),
(90, '150.03.0302.00221', 'EKO CATI AHTAPOT SARI (ROTAMEGA)', 0, '', 'ü'),
(91, '150.03.0302.00222', 'EKO CATI AHTAPOT MOR (ROTAMEGA)', 0, '', 'ü'),
(92, '150.03.0302.00223', 'EKO CATI AHTAPOT YESIL (ROTAMEGA)', 0, '', 'ü'),
(93, '150.03.0302.00239', 'PANO-TUP KAYDIRAK GIRIS PANOSU YAPRAK FIGURLU MOR (KOCAK)', 0, '', 'ü'),
(94, '150.03.0302.00240', 'PANO-TUP KAYDIRAK GIRIS PANOSU YAPRAK FIGURLU YESIL (KOCAK)', 0, '', 'ü'),
(95, '150.03.0302.00245', 'EV CATI SARI (KOCAK)', 0, '', 'ü'),
(96, '150.03.0302.00246', 'EV CATI YESIL (KOCAK)', 0, '', 'ü'),
(97, '150.03.0302.00247', 'EV CATI MOR (KOCAK)', 0, '', 'ü'),
(98, '150.03.0302.00248', 'EV CATI KIRMIZI (KOCAK)', 0, '', 'ü'),
(99, '150.03.0302.00253', 'H:150CM SPIRAL KAYDIRAK 60KG SARI (ROTAMEGA)', 0, '', 'ü'),
(100, '150.03.0302.00254', 'H:150CM SPIRAL KAYDIRAK 60KG YESIL (ROTAMEGA)', 0, '', 'ü'),
(101, '150.03.0302.00255', 'H:150CM SPIRAL KAYDIRAK 60KG MOR (ROTAMEGA)', 0, '', 'ü'),
(102, '150.03.0302.00256', 'H:150CM SPIRAL KAYDIRAK 60KG TURUNCU (ROTAMEGA)', 0, '', 'ü'),
(103, '150.03.0302.00261', 'H:100CM TEKLI DUZ KAYDIRAK SARI (ROTAMEGA)', 0, '', 'ü'),
(104, '150.03.0302.00262', 'H:100CM TEKLI DUZ KAYDIRAK MOR (ROTAMEGA)', 0, '', 'ü'),
(105, '150.03.0302.00263', 'H:100CM TEKLI DUZ KAYDIRAK YESIL (ROTAMEGA)', 0, '', 'ü'),
(106, '150.03.0302.00264', 'H:100CM TEKLI DUZ KAYDIRAK TURUNCU (ROTAMEGA)', 0, '', 'ü'),
(107, '150.03.0302.00265', 'H:100CM PE TIRMANMA SARI', 0, '', 'ü'),
(108, '150.03.0302.00266', 'H:100CM PE TIRMANMA YESIL', 0, '', 'ü'),
(109, '150.03.0302.00267', 'H:100CM PE TIRMANMA MOR', 0, '', 'ü'),
(110, '150.03.0302.00268', 'H:100CM PE TIRMANMA TURUNCU', 0, '', 'ü'),
(111, '150.03.0302.00269', 'H:100CM PE TIRMANMA MAVI', 0, '', 'ü'),
(112, '150.03.0302.00272', 'ORMAN BACAK GIYDIRME KAHVERENGI', 0, '', 'ü'),
(113, '150.03.0302.00273', 'ORMAN BACAK GIYDIRME MAVI', 0, '', 'ü'),
(114, '150.03.0302.00274', 'ROBOT SUR PANO SARI (KOCAK)', 0, '', 'ü'),
(115, '150.03.0302.00275', 'ROBOT PANO MOR (KOCAK)', 0, '', 'ü'),
(116, '150.03.0302.00279', 'SPIRAL KAYDIRAK GIRISI TURUNCU YAPISAN MODEL', 0, '', 'ü'),
(117, '150.03.0302.00280', 'SPIRAL KAYDIRAK GIRISI SARI YAPISAN MODEL', 0, '', 'ü'),
(118, '150.03.0302.00281', 'SPIRAL KAYDIRAK GIRISI YESIL YAPISAN MODEL', 0, '', 'ü'),
(119, '150.03.0302.00282', 'IKILI KAYDIRAK GIRISI SARI (KOCAK)', 0, '', 'ü'),
(120, '150.03.0302.00283', 'IKILI KAYDIRAK GIRISI YESIL (KOCAK)', 0, '', 'ü'),
(121, '150.03.0302.00284', 'IKILI KAYDIRAK GIRISI TURUNCU (KOCAK)', 0, '', 'ü'),
(122, '150.03.0302.00285', 'IKILI KAYDIRAK GIRISI MOR (KOCAK)', 0, '', 'ü'),
(123, '150.03.0302.00286', 'SPIRAL KAYDIRAK GIRISI 12KG SARI (ROTAMEGA)', 0, '', 'ü'),
(124, '150.03.0302.00287', 'SPIRAL KAYDIRAK GIRISI 12KG YESIL (ROTAMEGA)', 0, '', 'ü'),
(125, '150.03.0302.00288', 'SPIRAL KAYDIRAK GIRISI 12KG MOR (ROTAMEGA)', 0, '', 'ü'),
(126, '150.03.0302.00289', 'SPIRAL KAYDIRAK GIRISI 12KG KIRMIZI (ROTAMEGA)', 0, '', 'ü'),
(127, '150.03.0302.00290', 'SPIRAL KAYDIRAK GIRISI 12KG TURUNCU (ROTAMEGA)', 0, '', 'ü'),
(128, '150.03.0302.00291', 'SPIRAL KAYDIRAK GIRISI 12KG MAVI (ROTAMEGA)', 0, '', 'ü'),
(129, '150.03.0302.00296', 'H:150CM DALGALI KAYDIRAK KAHVERENGI (KOCAKPARK)', 0, '', 'ü'),
(130, '150.03.0302.00297', 'H:150CM DALGALI KAYDIRAK SARI (KOCAKPARK)', 0, '', 'ü'),
(131, '150.03.0302.00298', 'H:150CM DALGALI KAYDIRAK YESIL (KOCAKPARK)', 0, '', 'ü'),
(132, '150.03.0302.00299', 'H:150CM DALGALI KAYDIRAK MOR (KOCAKPARK)', 0, '', 'ü'),
(133, '150.03.0302.00300', 'H:100CM SAGA EGIMLI KAYDIRAK SARI (KOCAK)', 0, '', 'ü'),
(134, '150.03.0302.00301', 'H:100CM SAGA EGIMLI KAYDIRAK YESIL (KOCAK)', 0, '', 'ü'),
(135, '150.03.0302.00302', 'H:100CM SAGA EGIMLI KAYDIRAK MOR (KOCAK)', 0, '', 'ü'),
(136, '150.03.0302.00305', 'H:100CM IKILI DUZ KAYDIRAK SARI (KOCAKPARK)', 0, '', 'ü'),
(137, '150.03.0302.00306', 'H:100CM IKILI DUZ KAYDIRAK YESIL (KOCAKPARK)', 0, '', 'ü'),
(138, '150.03.0302.00307', 'H:100CM IKILI DUZ KAYDIRAK MOR (KOCAKPARK)', 0, '', 'ü'),
(139, '150.03.0302.00308', 'H:100CM IKILI DUZ KAYDIRAK TURUNCU (KOCAKPARK)', 0, '', 'ü'),
(140, '150.03.0302.00309', 'H:100CM IKILI DUZ KAYDIRAK KIRMIZI (KOCAKPARK)', 0, '', 'ü'),
(141, '150.03.0302.00310', 'H:150CM EGIMLI KAYDIRAK SARI (IRMAK)', 0, '', 'ü'),
(142, '150.03.0302.00311', 'H:150CM EGIMLI KAYDIRAK YESIL (IRMAK)', 0, '', 'ü'),
(143, '150.03.0302.00312', 'H:150CM EGIMLI KAYDIRAK MOR (IRMAK)', 0, '', 'ü'),
(144, '150.03.0302.00316', 'H:150CM IKILI DUZ KAYDIRAK SARI (KOCAK)', 0, '', 'ü'),
(145, '150.03.0302.00317', 'H:150CM IKILI DUZ KAYDIRAK MOR (KOCAK)', 0, '', 'ü'),
(146, '150.03.0302.00326', 'H:150CM SPIRAL KAYDIRAK SARI (ROTAMEGA /45KG)', 0, '', 'ü'),
(147, '150.03.0302.00327', 'H:150CM SPIRAL KAYDIRAK YESIL (ROTAMEGA /45KG)', 0, '', 'ü'),
(148, '150.03.0302.00328', 'H:150CM SPIRAL KAYDIRAK MOR (ROTAMEGA /45KG)', 0, '', 'ü'),
(149, '150.03.0302.00334', 'SALINCAK SEPETI - TAMPONSUZ SARI (OZTEPE)', 0, '', 'ü'),
(150, '150.03.0302.00335', 'SALINCAK SEPETI - TAMPONSUZ TURUNCU (OZTEPE)', 0, '', 'ü'),
(151, '150.03.0302.00341', 'ROBOT SUR PANO MOR (KOCAK)', 0, '', 'ü'),
(152, '150.03.0302.00342', 'DONER TAHTEREVALLI OTURAGI ALTI GRI YAPISAN', 0, '', 'ü'),
(153, '150.03.0302.00343', 'DONER TAHTEREVALLI OTURAGI ALTI SIYAH YAPISAN', 0, '', 'ü'),
(154, '150.03.0302.00344', 'DONER TAHTEREVALLI OTURAGI YESIL YAPISAN', 0, '', 'ü'),
(155, '150.03.0302.00345', 'DONER TAHTEREVALLI OTURAGI TURUNCU YAPISAN', 0, '', 'ü'),
(156, '150.03.0302.00346', '1,2,3 TEKLI KAYDIRAK GIRISI SARI (YAPISAN)', 0, '', 'ü'),
(157, '150.03.0302.00347', '1,2,3 TEKLI KAYDIRAK GIRISI YESIL (YAPISAN)', 0, '', 'ü'),
(158, '150.03.0302.00348', '1,2,3 TEKLI KAYDIRAK GIRISI MOR (YAPISAN)', 0, '', 'ü'),
(159, '150.03.0302.00349', '1,2,3 TEKLI KAYDIRAK GIRISI TURUNCU (YAPISAN)', 0, '', 'ü'),
(160, '150.03.0302.00350', 'H:100CM DALGALI KAYDIRAK SARI ASILSAN', 0, '', 'ü'),
(161, '150.03.0302.00351', 'H:100CM DALGALI KAYDIRAK YESIL ASILSAN', 0, '', 'ü'),
(162, '150.03.0302.00352', 'H:100CM DALGALI KAYDIRAK MOR ASILSAN', 0, '', 'ü'),
(163, '150.03.0302.00354', 'PANO-TUP KAYDIRAK GIRIS PANOSU NOTA FIGURLU KAHVERENGI (KOCAK)', 0, '', 'ü'),
(164, '150.03.0302.00358', 'EKO CATI AHTAPOT SARI (MERIDA)', 0, '', 'ü'),
(165, '150.03.0302.00359', 'EKO CATI AHTAPOT YESIL (MERIDA)', 0, '', 'ü'),
(166, '150.03.0302.00363', 'TUP PANO MOR (MERIDA)', 0, '', 'ü'),
(167, '150.03.0302.00364', 'TUP PANO YESIL (MERIDA)', 0, '', 'ü'),
(168, '150.03.0302.00365', 'TUP PANO SARI (MERIDA)', 0, '', 'ü'),
(169, '150.03.0302.00366', 'TUP PANO KAHVERENGI (MERIDA)', 0, '', 'ü'),
(170, '150.03.0302.00367', 'TUP PANO TURUNCU (MERIDA)', 0, '', 'ü'),
(171, '150.03.0302.00368', '35 LIK TUP YESIL (MERIDA)', 0, '', 'ü'),
(172, '150.03.0302.00369', '35 LIK TUP SARI (MERIDA)', 0, '', 'ü'),
(173, '150.03.0302.00370', '35 LIK TUP KAHVERENGI (MERIDA)', 0, '', 'ü'),
(174, '150.03.0302.00374', '40 LIK TUP SARI (MERIDA)', 0, '', 'ü'),
(175, '150.03.0302.00375', '40 LIK TUP YESIL (MERIDA)', 0, '', 'ü'),
(176, '150.03.0302.00376', '40 LIK TUP MOR (MERIDA)', 0, '', 'ü'),
(177, '150.03.0302.00377', '40 LIK TUP KAHVERENGI (MERIDA)', 0, '', 'ü'),
(178, '150.03.0302.00378', '90 LIK TUP DIRSEK KAHVERENGI (MERIDA)', 0, '', 'ü'),
(179, '150.03.0302.00379', '90 LIK TUP DIRSEK YESIL (MERIDA)', 0, '', 'ü'),
(180, '150.03.0302.00380', 'TUP CIKIS SARI (MERIDA)', 0, '', 'ü'),
(181, '150.03.0302.00381', 'TUP CIKIS YESIL (MERIDA)', 0, '', 'ü'),
(182, '150.03.0302.00382', 'TUP CIKIS KAHVERENGI (MERIDA)', 0, '', 'ü'),
(183, '150.03.0302.00383', 'AGAC DESENLI KAYDIRAK GIRISI (MERIDA)', 0, '', 'ü'),
(184, '150.03.0302.00384', 'H:100CM DUZ KAYDIRAK MOR (KYP-77)', 0, '', 'ü'),
(185, '150.03.0302.00385', 'TOMBUL DUNYA KAYDIRAK GIRISI SARI (KOCAK)', 0, '', 'ü'),
(186, '150.03.0302.00386', 'TOMBUL DUNYA KAYDIRAK GIRISI TURUNCU (KOCAK)', 0, '', 'ü'),
(187, '150.03.0302.00387', 'EKO CATI AHTAPOT TURUNCU (ROTAMEGA)', 0, '', 'ü'),
(188, '150.03.0302.00388', '80 LIK TUP SARI (ROTAMEGA)', 0, '', 'ü'),
(189, '150.03.0302.00390', 'TAHTEREVALLI OTURAGI-SISIRME (MERIDA)', 0, '', 'ü'),
(190, '150.03.0302.00391', '90 LIK TUP DIRSEK YESIL (ROTAMEGA)', 0, '', 'ü'),
(191, '150.03.0302.00398', 'TUP CIKIS TURUNCU (ROTAMEGA)', 0, '', 'ü'),
(192, '150.03.0302.00399', 'TUP CIKIS MOR (MERIDA)', 0, '', 'ü'),
(193, '150.03.0302.00405', 'H:100 SAG EGIK KAYDIRAK (MERIDA)', 0, '', 'ü'),
(194, '150.03.0302.00406', 'H:100 SOL EGIK KAYDIRAK (MERIDA)', 0, '', 'ü'),
(195, '150.03.0302.00409', '35 LIK DUZ TUP YESIL (KOCAKPARK)', 0, '', 'ü'),
(196, '150.03.0302.00410', '35 LIK DESENLI TUP YESIL (KOCAKPARK)', 0, '', 'ü'),
(197, '150.03.0302.00413', 'TUP CIKIS TURKUAZ (KOCAKPARK)', 0, '', 'ü'),
(198, '150.03.0302.00415', 'TUP CIKIS KIRMIZI (ROTAMEGA)', 0, '', 'ü'),
(199, '150.03.0302.00416', 'H:100CM DUZ KAYDIRAK (MERIDA)', 0, '', 'ü'),
(200, '150.03.0302.00421', 'SEMERLI TAHTEREVALLI OTURAGI (ROTAMEGA 89MM)', 0, '', 'ü'),
(201, '150.03.0302.00423', 'PANO-SUR UZAY (CEMER)', 0, '', 'ü'),
(202, '150.03.0302.00425', 'H:150CM S KAYDIRAK (KOCAK)', 0, '', 'ü'),
(203, '150.03.0302.00427', 'EKO CATI AHTAPOT MAVI (MERIDA)', 0, '', 'ü'),
(204, '150.03.0302.00428', 'H:100CM IKILI KAYDIRAK DUZ KIRMIZI(MERIDA)', 0, '', 'ü'),
(205, '150.03.0302.00429', 'TUP CIKIS TURKUAZ (MERIDA)', 0, '', 'ü'),
(206, '150.03.0303.00002', 'YETISKIN SALINCAK SEPETI KAUCUK (SIMAT)', 0, '', 'ü'),
(207, '150.03.0303.00004', 'OTURAK-TAHTEREVALLI ARMUT 6MM (HAS)', 0, '', 'ü'),
(208, '150.04.0404.00004', 'YETISKIN SALINCAK SEPETI KAUCUK (HASANKARA)', 0, '', 'ü'),
(209, '150.04.0404.00018', 'SALINCAK SEPETI-KAUCUK SUMO TURKUAZ', 0, '', 'ü'),
(210, '150.04.0404.00019', 'SALINCAK SEPETI-KAUCUK SUMO SIYAH', 0, '', 'ü'),
(211, '150.05.0521.00001', '40*40*2,5CM KARO KAUCUK(YESIL)', 0, '', 'ü'),
(212, '150.05.0521.00002', '40*40*2CM KARO KAUCUK(YESIL)', 0, '', 'ü'),
(213, '150.05.0521.00003', '40*40*3CM KARO KAUCUK(YESIL)', 0, '', 'ü'),
(214, '150.05.0521.00004', 'KAUCUK ZEMIN POLIURETAN YAPISTIRICI', 0, '', 'ü'),
(215, '150.05.0521.00013', 'KAUCUK ZEMIN HIZLANDIRICI', 0, '', 'ü'),
(216, '150.05.0521.00014', '40*40*2CM KARO KAUCUK(BORDO)', 0, '', 'ü'),
(217, '150.05.0521.00015', '40*40*2,5CM KARO KAUCUK(BORDO)', 0, '', 'ü'),
(218, '150.05.0521.00016', '40*40*3CM KARO KAUCUK(BORDO)', 0, '', 'ü'),
(219, '150.05.0521.00017', '50*50*2CM KARO KAUCUK(BORDO)', 0, '', 'ü'),
(220, '150.05.0521.00018', '50*50*2CM KARO KAUCUK(YESIL)', 0, '', 'ü'),
(221, '150.05.0521.00019', '50*50*2,5CM KARO KAUCUK(BORDO)', 0, '', 'ü'),
(222, '150.05.0521.00020', '50*50*2,5CM KARO KAUCUK(YESIL)', 0, '', 'ü'),
(223, '150.05.0521.00021', '50*50*3CM KARO KAUCUK(BORDO)', 0, '', 'ü'),
(224, '150.05.0521.00022', '50*50*3CM KARO KAUCUK(YESIL)', 0, '', 'ü'),
(225, '150.05.0501.00001', 'M8X15 BOMBE BAS CIVATA', 0, 'M8X15BB.jpg', 'ü'),
(226, '150.05.0501.00002', 'M8X20 BOMBE BAS CIVATA', 0, 'M8X20BB.jpg', 'ü'),
(227, '150.05.0501.00003', 'M8X25 BOMBE BAS CIVATA', 0, 'M8X25BB.jpg', 'ü'),
(228, '150.05.0501.00004', 'M8X30 BOMBE BAS CIVATA', 0, 'M8X30BB.jpg', 'ü'),
(229, '150.05.0501.00005', 'M8X35 BOMBE BAS CIVATA', 0, 'M8X35BB.jpg', 'ü'),
(230, '150.05.0501.00006', 'M8X40 BOMBE BAS CIVATA', 0, 'M8X40BB.jpg', 'ü'),
(231, '150.05.0501.00007', 'M8X45 BOMBE BAS CIVATA', 0, 'M8X45BB.jpg', 'ü'),
(232, '150.05.0501.00008', 'M8X50 BOMBE BAS CIVATA', 0, 'M8X50BB.jpg', 'ü'),
(233, '150.05.0501.00009', 'M8X60 BOMBE BAS CIVATA', 0, 'M8X60BB.jpg', 'ü'),
(234, '150.05.0501.00010', 'M8X80 BOMBE BAS CIVATA', 0, 'M8X80BB.jpg', 'ü'),
(235, '150.05.0501.00011', 'M10X15 BOMBE BAS CIVATA', 0, '', 'ü'),
(236, '150.05.0501.00012', 'M10X20 BOMBE BAS CIVATA', 0, '', 'ü'),
(237, '150.05.0501.00013', 'M10X25 BOMBE BAS CIVATA', 0, '', 'ü'),
(238, '150.05.0501.00014', 'M10X30 BOMBE BAS CIVATA', 0, '', 'ü'),
(239, '150.05.0501.00015', 'M10X35 BOMBE BAS CIVATA', 0, '', 'ü'),
(240, '150.05.0501.00016', 'M10X40 BOMBE BAS CIVATA', 0, '', 'ü'),
(241, '150.05.0501.00017', 'M10X50 BOMBE BAS CIVATA', 0, '', 'ü'),
(242, '150.05.0501.00018', 'M10X60 BOMBE BAS CIVATA', 0, '', 'ü'),
(243, '150.05.0501.00019', 'M8X16 BOMBE BAS CIVATA', 0, '', 'ü'),
(244, '150.05.0501.00023', 'M8X65 BOMBE BAS CIVATA', 0, '', 'ü'),
(245, '150.05.0501.00024', 'M6X10 BOMBE BAS CIVATA', 0, 'M6X12BB.jpg', 'ü'),
(246, '150.05.0501.00025', 'M8X55 BOMBE BAS CIVATA', 0, '', 'ü'),
(247, '150.05.0501.00026', 'M6X20 BOMBE BAS CIVATA', 0, '', 'ü'),
(248, '150.05.0501.00027', 'M6X25 BOMBE BAS CIVATA', 0, '', 'ü'),
(249, '150.05.0501.00028', 'M6X35 BOMBE BAS CIVATA', 0, '', 'ü'),
(250, '150.05.0501.00029', 'M12X30 BOMBE BAS CIVATA', 0, '', 'ü'),
(251, '150.05.0501.00030', 'M12X40 BOMBE BAS CIVATA', 0, '', 'ü'),
(252, '150.05.0502.00001', 'M8X20 ANAHTAR BAS CIVATA', 0, '', 'ü'),
(253, '150.05.0502.00002', 'M8X25 ANAHTAR BAS CIVATA', 0, '', 'ü'),
(254, '150.05.0502.00003', 'M8X30 ANAHTAR BAS CIVATA', 0, '', 'ü'),
(255, '150.05.0502.00004', 'M12X20 ANAHTAR BAS CIVATA', 0, '', 'ü'),
(256, '150.05.0502.00005', 'M12X25 ANAHTAR BAS CIVATA', 0, '', 'ü'),
(257, '150.05.0502.00006', 'M12X30 ANAHTAR BAS CIVATA', 0, '', 'ü'),
(258, '150.05.0502.00007', 'M12X35 ANAHTAR BAS CIVATA', 0, '', 'ü'),
(259, '150.05.0502.00008', 'M12X40 ANAHTAR BAS CIVATA', 0, '', 'ü'),
(260, '150.05.0502.00009', 'M12X50 ANAHTAR BAS CIVATA', 0, '', 'ü'),
(261, '150.05.0502.00010', 'M12X80 ANAHTAR BAS CIVATA', 0, '', 'ü'),
(262, '150.05.0502.00011', 'M20X110 ANAHTAR BAS CIVATA', 0, '', 'ü'),
(263, '150.05.0502.00012', 'M24X120 ANAHTAR BAS CIVATA', 0, '', 'ü'),
(264, '150.05.0502.00013', 'M24X130 ANAHTAR BAS CIVATA', 0, '', 'ü'),
(265, '150.05.0502.00014', 'M20X100 ANAHTAR BAS CIVATA', 0, '', 'ü'),
(266, '150.05.0502.00015', 'M14X140 ANAHTAR BAS CIVATA', 0, '', 'ü'),
(267, '150.05.0502.00016', 'M14X160 ANAHTAR BAS CIVATA', 0, '', 'ü'),
(268, '150.05.0502.00017', 'M14X180 ANAHTAR BAS CIVATA', 0, '', 'ü'),
(269, '150.05.0502.00018', 'M16X130 ANAHTAR BAS CIVATA', 0, '', 'ü'),
(270, '150.05.0502.00019', 'M16X150 ANAHTAR BAS CIVATA', 0, '', 'ü'),
(271, '150.05.0502.00020', 'M18X150 ANAHTAR BAS CIVATA', 0, '', 'ü'),
(272, '150.05.0502.00021', 'M20X130 ANAHTAR BAS CIVATA', 0, '', 'ü'),
(273, '150.05.0502.00022', 'M24X50 ANAHTAR BAS CIVATA', 0, '', 'ü'),
(274, '150.05.0502.00023', 'M16X30 ANAHTAR BAS CIVATA', 0, '', 'ü'),
(275, '150.05.0502.00024', 'M18X40 ANAHTAR BAS CIVATA(SIYAH)', 0, '', 'ü'),
(276, '150.05.0502.00025', 'M12X40 ANAHTAR BAS CIVATA(SIYAH)', 0, '', 'ü'),
(277, '150.05.0502.00026', 'M12X130 ANAHTAR BAS CIVATA', 0, '', 'ü'),
(278, '150.05.0502.00027', 'M16X170 ANAHTAR BAS CIVATA', 0, '', 'ü'),
(279, '150.05.0502.00028', 'M16X40 ANAHTAR BAS CIVATA', 0, '', 'ü'),
(280, '150.05.0502.00029', 'M16X60 ANAHTAR BAS CIVATA', 0, '', 'ü'),
(281, '150.05.0502.00030', 'M16X50 ANAHTAR BAS CIVATA', 0, '', 'ü'),
(282, '150.05.0502.00031', 'M12X100 ANAHTAR BAS CIVATA', 0, '', 'ü'),
(283, '150.05.0502.00032', 'M10X50 ANAHTAR BAS CIVATA', 0, '', 'ü'),
(284, '150.05.0502.00033', 'M10X120 ANAHTAR BAS CIVATA', 0, '', 'ü'),
(285, '150.05.0502.00034', 'M12X120 ANAHTAR BAS CIVATA', 0, '', 'ü'),
(286, '150.05.0502.00035', 'M10X30 ANAHTAR BAS CIVATA(SIYAH)', 0, '', 'ü'),
(287, '150.05.0502.00036', 'M10X40 ANAHTAR BAS CIVATA (SIYAH)', 0, '', 'ü'),
(288, '150.05.0502.00037', 'M8X35 ANAHTAR BAS CIVATA', 0, '', 'ü'),
(289, '150.05.0502.00038', 'M14X30 ANAHTAR BAS CIVATA', 0, '', 'ü'),
(290, '150.05.0502.00039', 'M16X140 ANAHTAR BAS CIVATA', 0, '', 'ü'),
(291, '150.05.0504.00001', 'M8X15 HAVSA BAS CIVATA', 0, '', 'ü'),
(292, '150.05.0504.00002', 'M8X20 HAVSA BAS CIVATA', 0, '', 'ü'),
(293, '150.05.0504.00003', 'M8X25 HAVSA BAS CIVATA', 0, '', 'ü'),
(294, '150.05.0504.00004', 'M8X30 HAVSA BAS CIVATA', 0, '', 'ü'),
(295, '150.05.0504.00005', 'M8X35 HAVSA BAS CIVATA', 0, '', 'ü'),
(296, '150.05.0504.00006', 'M8X40 HAVSA BAS CIVATA', 0, '', 'ü'),
(297, '150.05.0504.00007', 'M8X45 HAVSA BAS CIVATA', 0, '', 'ü'),
(298, '150.05.0504.00008', 'M8X50 HAVSA BAS CIVATA', 0, '', 'ü'),
(299, '150.05.0504.00009', 'M8X60 HAVSA BAS CIVATA', 0, '', 'ü'),
(300, '150.05.0504.00010', 'M8X70 HAVSA BAS CIVATA', 0, '', 'ü'),
(301, '150.05.0504.00011', 'M8X80 HAVSA BAS CIVATA', 0, '', 'ü'),
(302, '150.05.0504.00012', 'M10X20 HAVSA BAS CIVATA', 0, '', 'ü'),
(303, '150.05.0504.00013', 'M10X25 HAVSA BAS CIVATA', 0, '', 'ü'),
(304, '150.05.0504.00014', 'M10X30 HAVSA BAS CIVATA', 0, '', 'ü'),
(305, '150.05.0504.00015', 'M10X35 HAVSA BAS CIVATA', 0, '', 'ü'),
(306, '150.05.0504.00016', 'M10X40 HAVSA BAS CIVATA', 0, '', 'ü'),
(307, '150.05.0504.00017', 'M10X45 HAVSA BAS CIVATA', 0, '', 'ü'),
(308, '150.05.0504.00018', 'M10X50 HAVSA BAS CIVATA', 0, '', 'ü'),
(309, '150.05.0504.00019', 'M10X60 HAVSA BAS CIVATA', 0, '', 'ü'),
(310, '150.05.0504.00020', 'M6X25 HAVSA BAS CIVATA', 0, '', 'ü'),
(311, '150.05.0504.00021', 'M6X35 HAVSA BAS CIVATA', 0, '', 'ü'),
(312, '150.05.0504.00022', 'M6X30MM HAVSABAS CIVATA', 0, '', 'ü'),
(313, '150.05.0504.00023', 'M6X30 HAVSA BAS CIVATA', 0, '', 'ü'),
(314, '150.05.0505.00001', 'M8X15 IMBUS BAS CIVATA', 0, '', 'ü'),
(315, '150.05.0505.00002', 'M8X20 IMBUS BAS CIVATA', 0, '', 'ü'),
(316, '150.05.0505.00003', 'M8X25 IMBUS BAS CIVATA', 0, '', 'ü'),
(317, '150.05.0505.00004', 'M8X30 IMBUS BAS CIVATA', 0, '', 'ü'),
(318, '150.05.0505.00005', 'M8X35 IMBUS BAS CIVATA', 0, '', 'ü'),
(319, '150.05.0505.00006', 'M8X40 IMBUS BAS CIVATA', 0, '', 'ü'),
(320, '150.05.0505.00007', 'M8X45 IMBUS BAS CIVATA', 0, '', 'ü'),
(321, '150.05.0505.00008', 'M8X50 IMBUS BAS CIVATA', 0, '', 'ü'),
(322, '150.05.0505.00009', 'M8X60 IMBUS BAS CIVATA', 0, '', 'ü'),
(323, '150.05.0505.00010', 'M8X70 IMBUS BAS CIVATA', 0, '', 'ü'),
(324, '150.05.0505.00011', 'M8X80 IMBUS BAS CIVATA', 0, '', 'ü'),
(325, '150.05.0505.00012', 'M8X90 IMBUS BAS CIVATA', 0, '', 'ü'),
(326, '150.05.0505.00013', 'M8X100 IMBUS BAS CIVATA', 0, '', 'ü'),
(327, '150.05.0505.00014', 'M8X110 IMBUS BAS CIVATA', 0, '', 'ü'),
(328, '150.05.0505.00015', 'M8X120 IMBUS BAS CIVATA', 0, '', 'ü'),
(329, '150.05.0505.00016', 'M8X130 IMBUS CIVATA', 0, '', 'ü'),
(330, '150.05.0505.00017', 'M8X140 IMBUS BAS CIVATA', 0, '', 'ü'),
(331, '150.05.0505.00018', 'M8X150 IMBUS BAS CIVATA', 0, '', 'ü'),
(332, '150.05.0505.00019', 'M8X160 IMBUS BAS CIVATA', 0, '', 'ü'),
(333, '150.05.0505.00020', 'M8X170 IMBUS BAS CIVATA', 0, '', 'ü'),
(334, '150.05.0505.00021', 'M8X180 IMBUS BAS CIVATA', 0, '', 'ü'),
(335, '150.05.0505.00022', 'M8X190 IMBUS BAS CIVATA', 0, '', 'ü'),
(336, '150.05.0505.00023', 'M8X200 IMBUS BAS CIVATA', 0, '', 'ü'),
(337, '150.05.0505.00024', 'M10X25 IMBUS BAS CIVATA', 0, '', 'ü'),
(338, '150.05.0505.00025', 'M10X30 IMBUS BAS CIVATA', 0, '', 'ü'),
(339, '150.05.0505.00026', 'M10X35 IMBUS BAS CIVATA', 0, '', 'ü'),
(340, '150.05.0505.00027', 'M10X40 IMBUS BAS CIVATA', 0, '', 'ü'),
(341, '150.05.0505.00028', 'M10X45 IMBUS BAS CIVATA', 0, '', 'ü'),
(342, '150.05.0505.00029', 'M10X50 IMBUS BAS CIVATA', 0, '', 'ü'),
(343, '150.05.0505.00030', 'M10X60 IMBUS BAS CIVATA', 0, '', 'ü'),
(344, '150.05.0505.00031', 'M10X70 IMBUS BAS CIVATA', 0, '', 'ü'),
(345, '150.05.0505.00032', 'M10X80 IMBUS BAS CIVATA', 0, '', 'ü'),
(346, '150.05.0505.00033', 'M10X90 IMBUS BAS CIVATA', 0, '', 'ü'),
(347, '150.05.0505.00034', 'M10X100 IMBUS BAS CIVATA', 0, '', 'ü'),
(348, '150.05.0505.00035', 'M10X110 IMBUS BAS CIVATA', 0, '', 'ü'),
(349, '150.05.0505.00036', 'M10X120 IMBUS BAS CIVATA', 0, '', 'ü'),
(350, '150.05.0505.00037', 'M10X130 IMBUS BAS CIVATA', 0, '', 'ü'),
(351, '150.05.0505.00038', 'M10X140 IMBUS BAS CIVATA', 0, '', 'ü'),
(352, '150.05.0505.00039', 'M10X150 IMBUS BAS CIVATA', 0, '', 'ü'),
(353, '150.05.0505.00040', 'M10X160 IMBUS BAS CIVATA', 0, '', 'ü'),
(354, '150.05.0505.00041', 'M10X170 IMBUS BAS CIVATA', 0, '', 'ü'),
(355, '150.05.0505.00042', 'M10X180 IMBUS BAS CIVATA', 0, '', 'ü'),
(356, '150.05.0505.00043', 'M10X190 IMBUS BAS CIVATA', 0, '', 'ü'),
(357, '150.05.0505.00044', 'M10X200 IMBUS BAS CIVATA', 0, '', 'ü'),
(358, '150.05.0505.00045', 'M10X15 IMBUS BAS CIVATA', 0, '', 'ü'),
(359, '150.05.0505.00046', 'M6X10 IMBUS BAS CIVATA', 0, '', 'ü'),
(360, '150.05.0505.00047', 'M6X30 IMBUS BAS CIVATA', 0, '', 'ü'),
(361, '150.05.0505.00048', 'M6X35 IMBUS BAS CIVATA', 0, '', 'ü'),
(362, '150.05.0505.00049', 'M8X55 IMBUS BAS CIVATA', 0, '', 'ü'),
(363, '150.05.0505.00051', 'M12X220 IMBUS CIVATA', 0, '', 'ü'),
(364, '150.05.0505.00052', 'M12X120 IMBUS CIVATA', 0, '', 'ü'),
(365, '150.05.0505.00053', '6X16 IMBUS BAS CIVATA', 0, '', 'ü'),
(366, '150.05.0520.00001', 'M10X30 ALTIKOSE BAS CIVATA', 0, '', 'ü'),
(367, '150.05.0520.00002', 'M10X50 ALTIKOSE BAS CIVATA', 0, '', 'ü'),
(368, '150.05.0520.00003', 'M16X120 ALTIKOSE BAS CIVATA', 0, '', 'ü'),
(369, '150.05.0520.00004', 'M12X40 ALTIKOSE BAS CIVATA', 0, '', 'ü'),
(370, '150.05.0520.00005', 'M12X25 ALTIKOSE BAS CIVATA', 0, '', 'ü'),
(371, '150.05.0520.00006', 'M12X30 ALTIKOSE BAS CIVATA', 0, '', 'ü'),
(372, '150.05.0520.00007', 'M12X80 ALTIKOSE BAS CIVATA', 0, '', 'ü'),
(373, '150.05.0520.00008', 'M12X100 ALTIKOSE BAS CIVATA', 0, '', 'ü'),
(374, '150.05.0520.00009', 'M10X25 ALTIKOSE BAS CIVATA', 0, '', 'ü'),
(375, '150.05.0509.00001', 'M6 PUL 1MM', 0, '', 'ü'),
(376, '150.05.0509.00002', 'M8 PUL 1MM D22', 0, '', 'ü'),
(377, '150.05.0509.00003', 'M10 PUL 1MM', 0, '', 'ü'),
(378, '150.05.0509.00004', 'M12 PUL', 0, '', 'ü'),
(379, '150.05.0509.00005', 'M14 PUL', 0, '', 'ü'),
(380, '150.05.0509.00006', 'M16 PUL', 0, '', 'ü'),
(381, '150.05.0509.00007', 'M18 PUL', 0, '', 'ü'),
(382, '150.05.0509.00008', 'M32 PUL', 0, '', 'ü'),
(383, '150.05.0509.00009', '5/16 INCE PUL', 0, '', 'ü'),
(384, '150.05.0509.00010', '5/16 KALIN PUL', 0, '', 'ü'),
(385, '150.05.0509.00011', '3/8X32 İNCE PUL', 0, '', 'ü'),
(386, '150.05.0509.00012', '1/2 PUL', 0, '', 'ü'),
(387, '150.05.0509.00013', 'M8 PUL 3MM D22', 0, '', 'ü'),
(388, '150.05.0509.00014', 'M6 PUL 1MM D12', 0, '', 'ü'),
(389, '150.05.0509.00015', 'M10 PUL 1MM D25', 0, '', 'ü'),
(390, '150.05.0509.00018', 'M8 PUL 1MM D16', 0, '', 'ü'),
(391, '150.05.0509.00019', 'M10 PUL 2.5 MM PUL D25', 0, '', 'ü'),
(392, '150.05.0509.00020', 'M33 PUL', 0, '', 'ü'),
(393, '150.05.0509.00022', 'M12 PUL 2MM D24', 0, '', 'ü'),
(394, '150.05.0509.00023', ' PUL-5/16X32 PANJUR(SASE) BEYAZ', 0, '', 'ü'),
(395, '150.05.0509.00024', 'PUL-SASE 3/8X32', 0, '', 'ü'),
(396, '150.05.0509.00025', 'PUL-3MM 3/8', 0, '', 'ü'),
(397, '150.05.0509.00026', 'M10 PUL 2 MM PUL D20', 0, '', 'ü'),
(398, '150.05.0509.00027', 'M16 PUL 2MM D30', 0, '', 'ü'),
(399, '150.05.0506.00001', 'M6 FIBERLI SOMUN', 0, '', 'ü'),
(400, '150.05.0506.00002', 'M8 FIBERLI SOMUN', 0, '', 'ü'),
(401, '150.05.0506.00003', 'M10 FIBERLI SOMUN', 0, '', 'ü'),
(402, '150.05.0506.00004', 'M12 FIBERLI SOMUN', 0, '', 'ü'),
(403, '150.05.0506.00005', 'M14 FIBERLI SOMUN', 0, '', 'ü'),
(404, '150.05.0506.00006', 'M16 FIBERLI SOMUN', 0, '', 'ü'),
(405, '150.05.0506.00007', 'M18 FIBERLI SOMUN', 0, '', 'ü'),
(406, '150.05.0506.00008', 'M20 FIBERLI SOMUN', 0, '', 'ü'),
(407, '150.05.0506.00009', 'M24 FIBERLI SOMUN', 0, '', 'ü'),
(408, '150.05.0507.00001', 'M6 FIBERSIZ SOMUN', 0, '', 'ü'),
(409, '150.05.0507.00002', 'M8 FIBERSIZ SOMUN', 0, '', 'ü'),
(410, '150.05.0507.00003', 'M10 FIBERSIZ SOMUN', 0, '', 'ü'),
(411, '150.05.0507.00004', 'M12 FIBERSIZ SOMUN', 0, '', 'ü'),
(412, '150.05.0507.00005', 'M14 FIBERSIZ SOMUN', 0, '', 'ü'),
(413, '150.05.0507.00006', 'M16 FIBERSIZ SOMUN', 0, '', 'ü'),
(414, '150.05.0507.00007', 'M18 FIBERSIZ SOMUN', 0, '', 'ü'),
(415, '150.05.0507.00008', 'M20 FIBERSIZ SOMUN', 0, '', 'ü'),
(416, '150.05.0507.00009', 'M6X12 ALYAN BASLI CEKTIRME SOMUNU', 0, '', 'ü'),
(417, '150.05.0508.00001', 'M6 KOR SOMUN', 0, '', 'ü'),
(418, '150.05.0508.00002', 'M8 KOR SOMUN', 0, '', 'ü'),
(419, '150.05.0508.00003', 'M10 KOR SOMUN', 0, '', 'ü'),
(420, '150.05.0508.00004', 'M12 KOR SOMUN', 0, '', 'ü'),
(421, '150.05.0508.00005', 'M4 CELIK SOMUN', 0, '', 'ü'),
(422, '150.05.0508.00006', 'M5 CELIK SOMUN', 0, '', 'ü'),
(423, '150.05.0508.00007', 'SOMUN-CELIK M10', 0, '', 'ü'),
(424, '150.05.0508.00008', 'M8 CELIK SOMUN', 0, '', 'ü'),
(425, '150.05.0517.00190', 'KAYNAK SOMUNU-M10', 0, '', 'ü'),
(426, '150.05.0517.00191', 'KAYNAK SOMUNU-M12', 0, '', 'ü'),
(427, '150.05.0510.00001', 'M6*1000MM TIJ', 0, '', 'ü'),
(428, '150.05.0510.00002', 'M8*1000MM TIJ', 0, '', 'ü'),
(429, '150.05.0510.00003', 'M10 TIJ', 0, '', 'ü'),
(430, '150.05.0510.00004', 'M12 TIJ', 0, '', 'ü'),
(431, '150.05.0510.00005', 'M14 TIJ', 0, '', 'ü'),
(432, '150.05.0510.00006', 'M16*1000MM TIJ', 0, '', 'ü'),
(433, '150.05.0510.00007', 'M18*1000MM TIJ', 0, '', 'ü'),
(434, '150.05.0517.00002', 'SARI ELDIVEN', 0, '', 'ü'),
(435, '150.05.0517.00003', 'MONTAJ ELDIVENI SIYAH NO:10', 0, '', 'ü'),
(436, '150.05.0517.00006', 'KAYNAKÇI ELDIVENI', 0, '', 'ü'),
(437, '150.05.0517.00031', 'FLAP TASLAMA', 0, '', 'ü'),
(438, '150.05.0517.00035', 'KOLI BANT', 0, '', 'ü'),
(439, '150.05.0517.00036', 'KAGIT BANT', 0, '', 'ü'),
(440, '150.05.0517.00048', 'ELEKTRIK BANDI', 0, '', 'ü'),
(441, '150.05.0517.00071', 'KARBOSAN FLAP DISK 115X22 P40 NK', 0, '', 'ü'),
(442, '150.05.0517.00107', '115X22X40 KUM FLAP NK', 0, '', 'ü'),
(443, '150.05.0517.00108', 'ASIT ELDIVENI', 0, '', 'ü'),
(444, '150.05.0517.00287', 'BEYBI KN35 ELDIVEN NO:9', 0, '', 'ü'),
(445, '150.05.0506.00010', 'M5 FIBERLI SOMUN', 0, '', 'ü'),
(446, '150.05.0511.00001', 'M5X10 YILDIZ HAVSA BAS CIVATA', 0, '', 'ü'),
(447, '150.05.0516.00056', 'SPREY BOYA-7016', 0, '', 'ü'),
(448, '150.05.0517.00075', 'RAL 9005-D.SIYAH SPREY BOYA 400ML', 0, '', 'ü'),
(449, '150.05.0517.00245', 'GEKA CAPAK ONLEYICI KAYNAK SPREYI', 0, '', 'ü'),
(450, '150.05.0514.00001', '6205-2Z RULMAN', 0, '', 'ü'),
(451, '150.05.0514.00002', '7210  RULMAN', 0, '', 'ü'),
(452, '150.05.0514.00003', '32018  RULMAN', 0, '', 'ü'),
(453, '150.05.0514.00004', '6202 2RS LFD RULMAN', 0, '', 'ü'),
(454, '150.05.0514.00005', '6000-2Z RULMAN', 0, '', 'ü'),
(455, '150.05.0514.00006', '32012X RULMAN', 0, '', 'ü'),
(456, '150.05.0514.00007', 'S1218 RULMAN', 0, '', 'ü'),
(457, '150.05.0514.00008', 'E30212J RULMAN', 0, '', 'ü'),
(458, '150.05.0514.00009', '30312 RULMAN', 0, '', 'ü'),
(459, '150.05.0514.00010', '60142RSC3 RULMAN', 0, '', 'ü'),
(460, '150.05.0514.00011', '6304RSC3 RULMAN', 0, '', 'ü'),
(461, '150.05.0514.00012', '63042RSC3 RULMAN', 0, '', 'ü'),
(462, '150.05.0514.00013', '63132RSC3 RULMAN', 0, '', 'ü'),
(463, '150.05.0514.00014', '6018RS RULMAN', 0, '', 'ü'),
(464, '150.05.0514.00015', '6212ZE RULMAN', 0, '', 'ü'),
(465, '150.05.0514.00016', '6207RS RULMAN', 0, '', 'ü'),
(466, '150.05.0514.00017', '60072RS RULMAN', 0, '', 'ü'),
(467, '150.05.0514.00018', '620722C3 RULMAN', 0, '', 'ü'),
(468, '150.05.0514.00019', '6410C3 RULMAN', 0, '', 'ü'),
(469, '150.05.0514.00020', '33212 RULMAN', 0, '', 'ü'),
(470, '150.05.0514.00021', '6211 RULMAN', 0, '', 'ü'),
(471, '150.05.0514.00022', '631022-C3 RULMAN', 0, '', 'ü'),
(472, '150.05.0514.00023', '33012 RULMAN', 0, '', 'ü'),
(473, '150.05.0514.00024', '30209 RULMAN', 0, '', 'ü'),
(474, '150.05.0514.00025', '6209 RULMAN', 0, '', 'ü'),
(475, '150.05.0514.00026', '6203RSC3 RULMAN', 0, '', 'ü'),
(476, '150.05.0514.00027', '6006 RULMAN', 0, '', 'ü'),
(477, '150.05.0514.00028', '6204 RULMAN', 0, '', 'ü'),
(478, '150.05.0514.00029', '605-22 RULMAN', 0, '', 'ü'),
(479, '150.05.0514.00030', '608 RULMAN', 0, '', 'ü'),
(480, '150.05.0514.00031', '6304 RULMAN', 0, '', 'ü'),
(481, '150.05.0514.00032', '6010 RULMAN', 0, '', 'ü'),
(482, '150.05.0514.00033', '3026 RULMAN', 0, '', 'ü'),
(483, '150.05.0514.00034', 'UCFL 204 RULMAN', 0, '', 'ü'),
(484, '150.05.0514.00035', '51114 HTH RULMAN', 0, '', 'ü'),
(485, '150.05.0514.00036', '6410 RBE RULMAN', 0, '', 'ü'),
(486, '150.05.0514.00037', '6205 2RS RBE RULMAN', 0, '', 'ü'),
(487, '150.05.0514.00038', '6014 2RS RBE RULMAN', 0, '', 'ü'),
(488, '150.05.0514.00039', '32034 RULMAN', 0, '', 'ü'),
(489, '150.05.0514.00040', '32028 RULMAN', 0, '', 'ü'),
(490, '150.05.0514.00041', '6211-2Z RULMAN', 0, '', 'ü'),
(491, '150.05.0514.00042', '6209-2Z RULMAN', 0, '', 'ü'),
(492, '150.04.0403.00041', 'AYBOLT- DISI M6', 0, '', 'ü'),
(493, '150.04.0403.00044', 'AYBOLT-DISI 8MM', 0, '', 'ü'),
(494, '150.04.0403.00045', 'AYBOLT-DISI M12(KROM)', 0, '', 'ü'),
(495, '150.04.0403.00048', 'AYBOLT-DISI M10', 0, '', 'ü'),
(496, '150.05.0517.00061', '27*0,9-5/8 BI-METAL SERIT TESTERE', 0, '', 'ü'),
(497, '150.05.0517.00062', '27*0,9-4/6 BI-METAL SERIT TESTERE', 0, '', 'ü'),
(498, '150.05.0517.00260', '64MM METAL DELIK TESTERESI', 0, '', 'ü'),
(499, '150.05.0517.00261', '79MM METAL DELIK TESTERESI', 0, '', 'ü'),
(500, '150.05.0517.00262', '92MM METAL DELIK TESTERESI', 0, '', 'ü'),
(501, 'HSS BI-METAL', 'DELIK TESTERESI 62', 0, '', 'ü'),
(502, '150.05.0513.00004', 'M12X110MM CELIK KLIPSLI DUBEL', 0, '', 'ü'),
(503, '150.05.0513.00005', 'M20X150 KLIPSLI CELIK DUBEL', 0, '', 'ü'),
(504, '150.05.0513.00006', 'M20X180 KLIPSLI CELIK DUBEL', 0, '', 'ü'),
(505, '150.05.0513.00007', 'M16X110MM KLIPSLI CELIK DUBEL', 0, '', 'ü'),
(506, '150.05.0513.00008', 'M10X110MM KLIPSLI CELIK DUBEL', 0, '', 'ü'),
(507, '150.05.0513.00010', 'M16x145 KLIPSLI DUBEL', 0, '', 'ü'),
(508, '150.05.0513.00011', 'M10X90 KLIPSLI DUBEL', 0, '', 'ü'),
(509, '150.05.0517.00028', 'INOX KROM TEMIZLEYICI', 0, '', 'ü'),
(510, '150.05.0517.00147', 'INOX BAKIM PARLATICI', 0, '', 'ü'),
(511, '150.05.0517.00073', 'MAKET BICAGI YEDEGI GFB', 0, '', 'ü'),
(512, '150.05.0517.00074', 'MAKET BICAGI METAL GONEN', 0, '', 'ü'),
(513, '150.05.0517.00034', '17 MIKRON STREC FILM', 0, '', 'ü'),
(514, '150.05.0517.00271', '23 MICRON STRECH FILM', 0, '', 'ü'),
(515, '150.05.0517.00029', 'INOX KESICI TAS KUCUK', 0, '', 'ü'),
(516, '150.05.0517.00030', 'INOX KESICI TAS BUYUK', 0, '', 'ü'),
(517, '150.05.0517.00111', 'INOX KESME TASI', 0, '', 'ü'),
(518, '150.05.0517.00131', 'WD-40 400ML PAS SOKUCU', 0, '', 'ü'),
(519, '150.05.0511.00011', '8X60 TRIFON VIDA', 0, '', 'ü'),
(520, '150.05.0511.00025', '8X50 TRIFON VIDA', 0, '', 'ü'),
(521, '150.05.0511.00005', '5X25 VIDA SUNTA', 0, '', 'ü'),
(522, '150.05.0511.00006', '4X40 VIDA SUNTA', 0, '', 'ü'),
(523, '150.05.0511.00012', '5X70 SUNTA VIDASI', 0, '', 'ü'),
(524, '150.05.0511.00013', '5X50 SUNTA VIDASI', 0, '', 'ü'),
(525, '150.05.0511.00014', '5X40 SUNTA VIDASI', 0, '', 'ü'),
(526, '150.05.0511.00015', '4X30 SUNTA VIDASI', 0, '', 'ü'),
(527, '150.05.0511.00016', '6X40 SUNTA VIDASI', 0, '', 'ü'),
(528, '150.05.0511.00017', '4X60 SUNTA VIDASI', 0, '', 'ü'),
(529, '150.05.0511.00019', '4X25 SUNTA VIDASI', 0, '', 'ü'),
(530, '150.05.0511.00020', '4X50 SUNTA VIDASI', 0, '', 'ü'),
(531, '150.05.0511.00021', '5X100 SUNTA VIDASI', 0, '', 'ü'),
(532, '150.05.0511.00022', '5X60 SUNTA VIDASI', 0, '', 'ü'),
(533, '150.05.0511.00024', '6X80 MM SUNTA VIDASI', 0, '', 'ü'),
(534, '150.05.0511.00029', '5X25 SUNTA VIDASI', 0, '', 'ü'),
(535, '150.05.0511.00030', '4X40 SUNTA VIDASI', 0, '', 'ü'),
(536, '150.05.0517.00106', 'TOZ MASKESI KONIK', 0, '', 'ü'),
(537, '150.05.0517.00012', '3MM MATKAP UCU', 0, '', 'ü'),
(538, '150.05.0517.00013', '4MM MATKAP UCU', 0, '', 'ü'),
(539, '150.05.0517.00014', '5MM MATKAP UCU', 0, '', 'ü'),
(540, '150.05.0517.00015', '6MM MATKAP UCU', 0, '', 'ü'),
(541, '150.05.0517.00016', '6,5MM MATKAP UCU', 0, '', 'ü'),
(542, '150.05.0517.00017', '7MM MATKAP UCU', 0, '', 'ü'),
(543, '150.05.0517.00018', '8MM MATKAP UCU', 0, '', 'ü'),
(544, '150.05.0517.00019', '10MM MATKAP UCU', 0, '', 'ü'),
(545, '150.05.0517.00020', '12MM MATKAP UCU', 0, '', 'ü'),
(546, '150.05.0517.00021', '14MM MATKAP UCU', 0, '', 'ü'),
(547, '150.05.0517.00022', '16MM MATKAP UCU', 0, '', 'ü'),
(548, '150.05.0511.00010', '7,5X80 BULDEKS VIDA', 0, '', 'ü'),
(549, '150.05.0512.00001', 'M6 GALVANIZ MAPA', 0, '', 'ü'),
(550, '150.05.0512.00002', 'M8 GALVANIZ MAPA', 0, '', 'ü'),
(551, '150.05.0512.00003', 'M10 GALVANIZ MAPA', 0, '', 'ü'),
(552, '150.05.0512.00004', 'M12 GALVANIZ MAPA', 0, '', 'ü'),
(553, '150.05.0512.00005', 'M14 GALVANIZ MAPA', 0, '', 'ü'),
(554, '150.05.0512.00006', 'M16 GALVANIZ MAPA', 0, '', 'ü'),
(555, '150.05.0512.00007', 'M6 GALVANIZ OMEGA MAPA', 0, '', 'ü'),
(556, '150.05.0512.00008', 'M8 GALVANIZ OMEGA MAPA', 0, '', 'ü'),
(557, '150.05.0512.00009', 'M10 GALVANIZ OMEGA MAPA', 0, '', 'ü'),
(558, '150.05.0512.00010', 'M12 GALVANIZ OMEGA MAPA', 0, '', 'ü'),
(559, '150.05.0512.00011', 'M14 GALVANIZ OMEGA MAPA', 0, '', 'ü'),
(560, '150.05.0512.00012', 'M16 GALVANIZ OMEGA MAPA', 0, '', 'ü'),
(561, '150.05.0512.00013', 'M6 KROM MAPA', 0, '', 'ü'),
(562, '150.05.0512.00014', 'M8 KROM MAPA', 0, '', 'ü'),
(563, '150.05.0512.00015', 'M10 KROM MAPA', 0, '', 'ü'),
(564, '150.05.0512.00016', 'M12 KROM MAPA', 0, '', 'ü'),
(565, '150.05.0512.00017', 'M14 KROM MAPA', 0, '', 'ü'),
(566, '150.05.0512.00018', 'M16 KROM MAPA', 0, '', 'ü'),
(567, '150.05.0512.00019', 'M6 KROM OMEGA MAPA', 0, '', 'ü'),
(568, '150.05.0512.00020', 'M8 KROM OMEGA MAPA', 0, '', 'ü'),
(569, '150.05.0512.00021', 'M10 KROM OMEGA MAPA', 0, '', 'ü'),
(570, '150.05.0512.00022', 'M12 KROM OMEGA MAPA', 0, '', 'ü'),
(571, '150.05.0512.00023', 'M14 KROM OMEGA MAPA', 0, '', 'ü'),
(572, '150.05.0512.00024', 'M16 KROM OMEGA MAPA', 0, '', 'ü'),
(573, '150.05.0512.00025', 'M6 U MAPA', 0, '', 'ü');

-- --------------------------------------------------------

--
-- Tablo için tablo yapısı `deppo_supplier_list`
--

CREATE TABLE `deppo_supplier_list` (
  `id` int(11) NOT NULL,
  `name` varchar(100) NOT NULL,
  `address` varchar(255) NOT NULL,
  `tax_office` varchar(100) NOT NULL,
  `tax_number` varchar(20) NOT NULL,
  `bill_address` varchar(255) NOT NULL
) ENGINE=InnoDB DEFAULT CHARSET=utf8 COLLATE=utf8_turkish_ci;

--
-- Tablo döküm verisi `deppo_supplier_list`
--

INSERT INTO `deppo_supplier_list` (`id`, `name`, `address`, `tax_office`, `tax_number`, `bill_address`) VALUES
(1, 'MER TEKNİK', '1082 SOKAK NO: 9/F YENİŞEHİR KONAK/İZMİR', 'EGE', '6180664606', '1082 SOKAK NO: 9/F YENİŞEHİR KONAK/İZMİR'),
(2, 'ROTO MEGA', 'ANKARA ORTİM', 'ANKARA', '1111111', 'ANKARA '),
(3, 'KOÇAK PARK', 'KONYA', 'KONYA', '2222222', 'KONYA'),
(4, 'METE KAUÇUK', 'İZMİR', 'İZMİR', '3333333', 'İZMİR'),
(5, 'MERİDA', 'SAMSUN', 'SAMSUN', '4444444', 'SAMSUN'),
(6, 'BRS RULMAN', 'İZMİR', 'İZMİR', '5555555', 'İZMİR');

-- --------------------------------------------------------

--
-- Tablo için tablo yapısı `deppo_users`
--

CREATE TABLE `deppo_users` (
  `id` int(11) NOT NULL,
  `username` varchar(50) NOT NULL,
  `email` varchar(100) NOT NULL,
  `password` varchar(255) NOT NULL,
  `name` varchar(100) NOT NULL,
  `image_url` varchar(100) NOT NULL,
  `active` varchar(1) NOT NULL,
  `date_added` datetime NOT NULL DEFAULT current_timestamp(),
  `email_activation_key` varchar(150) NOT NULL,
  `user_type` varchar(20) NOT NULL DEFAULT 'user'
) ENGINE=InnoDB DEFAULT CHARSET=utf8 COLLATE=utf8_turkish_ci;

--
-- Tablo döküm verisi `deppo_users`
--

INSERT INTO `deppo_users` (`id`, `username`, `email`, `password`, `name`, `image_url`, `active`, `date_added`, `email_activation_key`, `user_type`) VALUES
(1, 'depo', 'depo@yapisanpark.com', 'e10adc3949ba59abbe56e057f20f883e', 'Depo Sorumlusu', '', 'ü', '2024-12-23 14:09:43', '', 'admin'),
(2, 'satinalma', 'satinalma@yapisanpark.com', 'e10adc3949ba59abbe56e057f20f883e', 'Seren AYDOĞDU', 'SEREN-AYDOGDU.jpg', 'ü', '2024-12-23 14:24:25', '', 'admin'),
(3, 'fatih.kucuk', 'fatihkucuk@live.com', '3c308e560d3fb3508b166bca45c3cb93', 'Fatih KÜÇÜK', 'FATIH-KUCUK.jpg', 'ü', '2024-12-23 15:26:25', '', 'admin');

-- --------------------------------------------------------

--
-- Görünüm yapısı `deppo_order_detail_list_view`
--
DROP TABLE IF EXISTS `deppo_order_detail_list_view`;

CREATE ALGORITHM=UNDEFINED DEFINER=`root`@`localhost` SQL SECURITY DEFINER VIEW `deppo_order_detail_list_view`  AS SELECT `od`.`id` AS `id`, `od`.`order_id` AS `order_id`, `od`.`stock_id` AS `stock_id`, `od`.`ordered_quantity` AS `ordered_quantity`, `od`.`received_quantity` AS `received_quantity`, `od`.`description` AS `description`, `scl`.`code` AS `code`, `scl`.`name` AS `name` FROM (`deppo_order_detail` `od` left join `deppo_stock_card_list` `scl` on(`od`.`stock_id` = `scl`.`id`)) ;

-- --------------------------------------------------------

--
-- Görünüm yapısı `deppo_order_list_view`
--
DROP TABLE IF EXISTS `deppo_order_list_view`;

CREATE ALGORITHM=UNDEFINED DEFINER=`root`@`localhost` SQL SECURITY DEFINER VIEW `deppo_order_list_view`  AS SELECT `do`.`id` AS `id`, `do`.`status_id` AS `status_id`, `do`.`supplier_id` AS `supplier_id`, `do`.`number` AS `number`, `do`.`date` AS `date`, `do`.`description` AS `description`, `dsl`.`name` AS `supplier_name`, `dos`.`name` AS `status` FROM ((`deppo_order` `do` left join `deppo_supplier_list` `dsl` on(`do`.`supplier_id` = `dsl`.`id`)) left join `deppo_order_status` `dos` on(`do`.`status_id` = `dos`.`id`)) ;

--
-- Dökümü yapılmış tablolar için indeksler
--

--
-- Tablo için indeksler `deppo_logs`
--
ALTER TABLE `deppo_logs`
  ADD PRIMARY KEY (`id`);

--
-- Tablo için indeksler `deppo_order`
--
ALTER TABLE `deppo_order`
  ADD PRIMARY KEY (`id`),
  ADD UNIQUE KEY `number` (`number`);

--
-- Tablo için indeksler `deppo_order_detail`
--
ALTER TABLE `deppo_order_detail`
  ADD PRIMARY KEY (`id`);

--
-- Tablo için indeksler `deppo_order_status`
--
ALTER TABLE `deppo_order_status`
  ADD PRIMARY KEY (`id`);

--
-- Tablo için indeksler `deppo_personel_list`
--
ALTER TABLE `deppo_personel_list`
  ADD PRIMARY KEY (`id`);

--
-- Tablo için indeksler `deppo_receipt_types`
--
ALTER TABLE `deppo_receipt_types`
  ADD PRIMARY KEY (`id`);

--
-- Tablo için indeksler `deppo_stock_card_list`
--
ALTER TABLE `deppo_stock_card_list`
  ADD PRIMARY KEY (`id`),
  ADD UNIQUE KEY `code` (`code`);

--
-- Tablo için indeksler `deppo_supplier_list`
--
ALTER TABLE `deppo_supplier_list`
  ADD PRIMARY KEY (`id`);

--
-- Tablo için indeksler `deppo_users`
--
ALTER TABLE `deppo_users`
  ADD PRIMARY KEY (`id`),
  ADD UNIQUE KEY `email` (`email`),
  ADD UNIQUE KEY `username` (`username`);

--
-- Dökümü yapılmış tablolar için AUTO_INCREMENT değeri
--

--
-- Tablo için AUTO_INCREMENT değeri `deppo_logs`
--
ALTER TABLE `deppo_logs`
  MODIFY `id` int(11) NOT NULL AUTO_INCREMENT, AUTO_INCREMENT=8;

--
-- Tablo için AUTO_INCREMENT değeri `deppo_order`
--
ALTER TABLE `deppo_order`
  MODIFY `id` int(11) NOT NULL AUTO_INCREMENT, AUTO_INCREMENT=13;

--
-- Tablo için AUTO_INCREMENT değeri `deppo_order_detail`
--
ALTER TABLE `deppo_order_detail`
  MODIFY `id` int(11) NOT NULL AUTO_INCREMENT, AUTO_INCREMENT=85;

--
-- Tablo için AUTO_INCREMENT değeri `deppo_order_status`
--
ALTER TABLE `deppo_order_status`
  MODIFY `id` int(11) NOT NULL AUTO_INCREMENT, AUTO_INCREMENT=5;

--
-- Tablo için AUTO_INCREMENT değeri `deppo_personel_list`
--
ALTER TABLE `deppo_personel_list`
  MODIFY `id` int(11) NOT NULL AUTO_INCREMENT, AUTO_INCREMENT=4;

--
-- Tablo için AUTO_INCREMENT değeri `deppo_receipt_types`
--
ALTER TABLE `deppo_receipt_types`
  MODIFY `id` int(11) NOT NULL AUTO_INCREMENT, AUTO_INCREMENT=3;

--
-- Tablo için AUTO_INCREMENT değeri `deppo_stock_card_list`
--
ALTER TABLE `deppo_stock_card_list`
  MODIFY `id` int(11) NOT NULL AUTO_INCREMENT, AUTO_INCREMENT=574;

--
-- Tablo için AUTO_INCREMENT değeri `deppo_supplier_list`
--
ALTER TABLE `deppo_supplier_list`
  MODIFY `id` int(11) NOT NULL AUTO_INCREMENT, AUTO_INCREMENT=7;

--
-- Tablo için AUTO_INCREMENT değeri `deppo_users`
--
ALTER TABLE `deppo_users`
  MODIFY `id` int(11) NOT NULL AUTO_INCREMENT, AUTO_INCREMENT=4;
COMMIT;

/*!40101 SET CHARACTER_SET_CLIENT=@OLD_CHARACTER_SET_CLIENT */;
/*!40101 SET CHARACTER_SET_RESULTS=@OLD_CHARACTER_SET_RESULTS */;
/*!40101 SET COLLATION_CONNECTION=@OLD_COLLATION_CONNECTION */;
